"distance_km","timestamp_utc","latitude","longitude","frame"
"0","2026-09-02T14:55:29-06:00","38.8005","-105.19983","N0JCG-8>APN000,WIDE1-1,WIDE2-1:=3848.03N/10511.99Wj360/000/A=009133BAKSTAAJ-J 14.37V"
"0","2026-09-02T14:55:58-06:00","38.8005","-105.19983","N0JCG-8>APN000,WIDE1-1,WIDE2-1:=3848.03N/10511.99Wj198/001/A=009143BAKSTAAJ-J 14.36V"
"0","2026-09-03T18:17:36-06:00","38.8005","-105.19983","N0JCG-8>APN000,WIDE1-1,WIDE2-1:=3848.03N/10511.99Wj137/000/A=009150BAKSTAAJ-J 14.30V"
"0.1","2026-09-02T14:56:29-06:00","38.80017","-105.20033","N0JCG-8>APN000,WIDE1-1,WIDE2-1:=3848.01N/10512.02Wj223/010/A=009156BAKSTAAJ-J 14.39V"
"0.1","2026-09-02T15:35:15-06:00","38.80033","-105.19983","N0JCG-8>APN000,WIDE1-1,WIDE2-1:=3848.02N/10511.99Wj353/004/A=009186BAKSTAAJ-J 14.30V"
"0.1","2026-09-03T18:18:06-06:00","38.80033","-105.19983","N0JCG-8>APN000,WIDE1-1,WIDE2-1:=3848.02N/10511.99Wj196/001/A=009159BAKSTAAJ-J 14.37V"
"0.1","2026-09-03T18:18:36-06:00","38.80017","-105.20017","N0JCG-8>APN000,WIDE1-1,WIDE2-1:=3848.01N/10512.01Wj246/003/A=009163BAKSTAAJ-J 14.39V"
"0.1","2026-09-03T21:20:21-06:00","38.8","-105.2015","N0JCG-8>APN000,WIDE1-1,WIDE2-1:=3848.00N/10512.09Wj107/017/A=009166N0JCG 444.440 MHz 14.26V"
"0.1","2026-09-03T21:20:51-06:00","38.80033","-105.2","N0JCG-8>APN000,WIDE1-1,WIDE2-1:=3848.02N/10512.00Wj015/002/A=009159N0JCG 444.440 MHz 14.17V"
"0.2","2026-09-02T14:56:59-06:00","38.79967","-105.20133","N0JCG-8>APN000,WIDE1-1,WIDE2-1:=3847.98N/10512.08Wj091/018/A=009127BAKSTAAJ-J 14.50V"
"0.2","2026-09-02T15:34:15-06:00","38.799","-105.20017","N0JCG-8>APN000,WIDE1-1,WIDE2-1:=3847.94N/10512.01Wj285/019/A=009064BAKSTAAJ-J 14.50V"
"0.2","2026-09-02T15:34:45-06:00","38.80017","-105.20183","N0JCG-8>APN000,WIDE1-1,WIDE2-1:=3848.01N/10512.11Wj069/013/A=009143BAKSTAAJ-J 14.45V"
"0.2","2026-09-03T18:19:06-06:00","38.79967","-105.20183","N0JCG-8>APN000,WIDE1-1,WIDE2-1:=3847.98N/10512.11Wj095/010/A=009146BAKSTAAJ-J 14.44V"
"0.2","2026-09-03T21:19:51-06:00","38.799","-105.2005","N0JCG-8>APN000,WIDE1-1,WIDE2-1:=3847.94N/10512.03Wj292/022/A=009117N0JCG 444.440 MHz 14.30V"
"0.3","2026-09-02T14:57:29-06:00","38.79833","-105.2","N0JCG-8>APN000,WIDE1-1,WIDE2-1:=3847.90N/10512.00Wj253/014/A=009143BAKSTAAJ-J 14.44V"
"0.3","2026-09-02T15:33:45-06:00","38.79767","-105.19967","N0JCG-8>APN000,WIDE1-1,WIDE2-1:=3847.86N/10511.98Wj337/018/A=009219BAKSTAAJ-J 14.50V"
"0.3","2026-09-03T18:19:36-06:00","38.7985","-105.2","N0JCG-8>APN000,WIDE1-1,WIDE2-1:=3847.91N/10512.00Wj256/017/A=009150BAKSTAAJ-J 14.45V"
"0.3","2026-09-03T21:19:21-06:00","38.79767","-105.19983","N0JCG-8>APN000,WIDE1-1,WIDE2-1:=3847.86N/10511.99Wj293/014/A=009182N0JCG 444.440 MHz 14.25V"
"0.4","2026-09-02T14:57:58-06:00","38.79717","-105.1995","N0JCG-8>APN000,WIDE1-1,WIDE2-1:=3847.83N/10511.97Wj132/012/A=009202BAKSTAAJ-J 14.48V"
"0.4","2026-09-03T18:20:06-06:00","38.79683","-105.19933","N0JCG-8>APN000,WIDE1-1,WIDE2-1:=3847.81N/10511.96Wj146/016/A=009202BAKSTAAJ-J 14.53V"
"0.6","2026-09-02T14:58:29-06:00","38.79567","-105.19917","N0JCG-8>APN000,WIDE1-1,WIDE2-1:=3847.74N/10511.95Wj127/000/A=009261BAKSTAAJ-J 14.41V"
"0.6","2026-09-02T14:58:59-06:00","38.79567","-105.19917","N0JCG-8>APN000,WIDE1-1,WIDE2-1:=3847.74N/10511.95Wj127/000/A=009232BAKSTAAJ-J 14.39V"
"0.6","2026-09-02T15:33:15-06:00","38.7955","-105.19917","N0JCG-8>APN000,WIDE1-1,WIDE2-1:=3847.73N/10511.95Wj031/019/A=009314BAKSTAAJ-J 14.49V"
"0.6","2026-09-03T21:18:51-06:00","38.79583","-105.19917","N0JCG-8>APN000,WIDE1-1,WIDE2-1:=3847.75N/10511.95Wj360/017/A=009238N0JCG 444.440 MHz 14.31V"
"0.7","2026-09-03T18:20:36-06:00","38.79433","-105.19967","N0JCG-8>APN000,WIDE1-1,WIDE2-1:=3847.66N/10511.98Wj207/020/A=009232BAKSTAAJ-J 14.52V"
"0.8","2026-09-02T14:59:28-06:00","38.79333","-105.20017","N0JCG-8>APN000,WIDE1-1,WIDE2-1:=3847.60N/10512.01Wj175/025/A=009192BAKSTAAJ-J 14.59V"
"0.8","2026-09-03T21:18:21-06:00","38.79317","-105.20017","N0JCG-8>APN000,WIDE1-1,WIDE2-1:=3847.59N/10512.01Wj359/019/A=009212N0JCG 444.440 MHz 14.33V"
"0.9","2026-09-02T15:32:45-06:00","38.7925","-105.20017","N0JCG-8>APN000,WIDE1-1,WIDE2-1:=3847.55N/10512.01Wj055/021/A=009248BAKSTAAJ-J 14.57V"
"1","2026-09-03T18:21:06-06:00","38.79217","-105.2015","N0JCG-8>APN000,WIDE1-1,WIDE2-1:=3847.53N/10512.09Wj271/022/A=009156BAKSTAAJ-J 14.52V"
"1","2026-09-03T21:17:51-06:00","38.79167","-105.20233","N0JCG-8>APN000,WIDE1-1,WIDE2-1:=3847.50N/10512.14Wj351/020/A=009133N0JCG 444.440 MHz 14.35V"
"1.1","2026-09-02T14:59:59-06:00","38.7915","-105.20233","N0JCG-8>APN000,WIDE1-1,WIDE2-1:=3847.49N/10512.14Wj166/025/A=009107BAKSTAAJ-J 14.59V"
"1.1","2026-09-02T15:32:15-06:00","38.79117","-105.202","N0JCG-8>APN000,WIDE1-1,WIDE2-1:=3847.47N/10512.12Wj036/018/A=009163BAKSTAAJ-J 14.49V"
"1.2","2026-09-02T15:00:29-06:00","38.78983","-105.20333","N0JCG-8>APN000,WIDE1-1,WIDE2-1:=3847.39N/10512.20Wj344/021/A=009055BAKSTAAJ-J 14.55V"
"1.2","2026-09-02T15:31:45-06:00","38.79","-105.20333","N0JCG-8>APN000,WIDE1-1,WIDE2-1:=3847.40N/10512.20Wj130/022/A=009133BAKSTAAJ-J 14.48V"
"1.2","2026-09-03T18:21:36-06:00","38.79","-105.20283","N0JCG-8>APN000,WIDE1-1,WIDE2-1:=3847.40N/10512.17Wj190/026/A=009068BAKSTAAJ-J 14.59V"
"1.2","2026-09-03T18:22:06-06:00","38.79083","-105.20417","N0JCG-8>APN000,WIDE1-1,WIDE2-1:=3847.45N/10512.25Wj331/017/A=009002BAKSTAAJ-J 14.47V"
"1.2","2026-09-03T18:28:09-06:00","38.79117","-105.20717","N0JCG-8>APN000,WIDE1-1,WIDE2-1:=3847.47N/10512.43Wj332/034/A=008854BAKSTAAJ-J 14.62V"
"1.2","2026-09-03T21:14:51-06:00","38.79367","-105.2105","N0JCG-8>APN000,WIDE1-1,WIDE2-1:=3847.62N/10512.63Wj122/036/A=008943N0JCG 444.440 MHz 14.43V"
"1.2","2026-09-03T21:16:51-06:00","38.7905","-105.2045","N0JCG-8>APN000,WIDE1-1,WIDE2-1:=3847.43N/10512.27Wj004/021/A=008979N0JCG 444.440 MHz 14.39V"
"1.3","2026-09-02T15:00:59-06:00","38.78933","-105.20483","N0JCG-8>APN000,WIDE1-1,WIDE2-1:=3847.36N/10512.29Wj194/031/A=008936BAKSTAAJ-J 14.58V"
"1.3","2026-09-02T15:31:15-06:00","38.78983","-105.20467","N0JCG-8>APN000,WIDE1-1,WIDE2-1:=3847.39N/10512.28Wj014/022/A=009025BAKSTAAJ-J 14.57V"
"1.3","2026-09-03T18:28:39-06:00","38.794","-105.21167","N0JCG-8>APN000,WIDE1-1,WIDE2-1:=3847.64N/10512.70Wj273/034/A=008959BAKSTAAJ-J 14.63V"
"1.3","2026-09-03T21:15:21-06:00","38.79033","-105.207","N0JCG-8>APN000,WIDE1-1,WIDE2-1:=3847.42N/10512.42Wj186/032/A=008858N0JCG 444.440 MHz 14.44V"
"1.3","2026-09-03T21:17:21-06:00","38.78933","-105.20317","N0JCG-8>APN000,WIDE1-1,WIDE2-1:=3847.36N/10512.19Wj158/016/A=009061N0JCG 444.440 MHz 14.34V"
"1.5","2026-09-03T18:22:36-06:00","38.78817","-105.2055","N0JCG-8>APN000,WIDE1-1,WIDE2-1:=3847.29N/10512.33Wj227/022/A=008894BAKSTAAJ-J 14.57V"
"1.5","2026-09-03T21:14:21-06:00","38.79517","-105.216","N0JCG-8>APN000,WIDE1-1,WIDE2-1:=3847.71N/10512.96Wj130/032/A=008969N0JCG 444.440 MHz 14.42V"
"1.6","2026-09-02T15:30:45-06:00","38.78717","-105.2065","N0JCG-8>APN000,WIDE1-1,WIDE2-1:=3847.23N/10512.39Wj353/022/A=008979BAKSTAAJ-J 14.57V"
"1.6","2026-09-03T18:29:09-06:00","38.79617","-105.21717","N0JCG-8>APN000,WIDE1-1,WIDE2-1:=3847.77N/10513.03Wj340/028/A=008963BAKSTAAJ-J 14.62V"
"1.6","2026-09-03T21:13:51-06:00","38.7985","-105.21883","N0JCG-8>APN000,WIDE1-1,WIDE2-1:=3847.91N/10513.13Wj119/032/A=008851N0JCG 444.440 MHz 14.40V"
"1.7","2026-09-02T15:01:59-06:00","38.786","-105.2045","N0JCG-8>APN000,WIDE1-1,WIDE2-1:=3847.16N/10512.27Wj074/009/A=008831BAKSTAAJ-J 14.44V"
"1.7","2026-09-02T15:03:22-06:00","38.786","-105.20433","N0JCG-8>APN000,WIDE1-1,WIDE2-1:=3847.16N/10512.26Wj234/006/A=008851BAKSTAAJ-J 14.41V"
"1.7","2026-09-03T18:23:06-06:00","38.78617","-105.20567","N0JCG-8>APN000,WIDE1-1,WIDE2-1:=3847.17N/10512.34Wj144/004/A=008848BAKSTAAJ-J 14.41V"
"1.7","2026-09-03T18:23:36-06:00","38.78583","-105.20433","N0JCG-8>APN000,WIDE1-1,WIDE2-1:=3847.15N/10512.26Wj071/014/A=008848BAKSTAAJ-J 14.53V"
"1.7","2026-09-03T18:24:06-06:00","38.786","-105.20383","N0JCG-8>APN000,WIDE1-1,WIDE2-1:=3847.16N/10512.23Wj100/000/A=008851BAKSTAAJ-J 14.40V"
"1.7","2026-09-03T18:24:36-06:00","38.78617","-105.20367","N0JCG-8>APN000,WIDE1-1,WIDE2-1:=3847.17N/10512.22Wj360/000/A=008822BAKSTAAJ-J 14.34V"
"1.7","2026-09-03T18:25:06-06:00","38.786","-105.20417","N0JCG-8>APN000,WIDE1-1,WIDE2-1:=3847.16N/10512.25Wj273/014/A=008818BAKSTAAJ-J 14.41V"
"1.7","2026-09-03T18:27:39-06:00","38.7865","-105.2065","N0JCG-8>APN000,WIDE1-1,WIDE2-1:=3847.19N/10512.39Wj316/016/A=008825BAKSTAAJ-J 14.46V"
"1.8","2026-09-02T15:30:15-06:00","38.78483","-105.2045","N0JCG-8>APN000,WIDE1-1,WIDE2-1:=3847.09N/10512.27Wj067/031/A=009123BAKSTAAJ-J 14.63V"
"1.8","2026-09-03T18:25:36-06:00","38.78583","-105.207","N0JCG-8>APN000,WIDE1-1,WIDE2-1:=3847.15N/10512.42Wj235/010/A=008822BAKSTAAJ-J 14.42V"
"1.8","2026-09-03T18:26:06-06:00","38.78583","-105.207","N0JCG-8>APN000,WIDE1-1,WIDE2-1:=3847.15N/10512.42Wj290/000/A=008822BAKSTAAJ-J 14.31V"
"1.8","2026-09-03T18:26:36-06:00","38.78583","-105.207","N0JCG-8>APN000,WIDE1-1,WIDE2-1:=3847.15N/10512.42Wj290/000/A=008822BAKSTAAJ-J 14.32V"
"1.8","2026-09-03T18:27:06-06:00","38.78583","-105.207","N0JCG-8>APN000,WIDE1-1,WIDE2-1:=3847.15N/10512.42Wj290/000/A=008815BAKSTAAJ-J 14.28V"
"1.8","2026-09-03T18:29:39-06:00","38.7995","-105.22083","N0JCG-8>APN000,WIDE1-1,WIDE2-1:=3847.97N/10513.25Wj285/036/A=008812BAKSTAAJ-J 14.60V"
"2","2026-09-03T21:13:21-06:00","38.801","-105.22367","N0JCG-8>APN000,WIDE1-1,WIDE2-1:=3848.06N/10513.42Wj143/032/A=008720N0JCG 444.440 MHz 14.41V"
"2.2","2026-09-03T18:30:09-06:00","38.80283","-105.22533","N0JCG-8>APN000,WIDE1-1,WIDE2-1:=3848.17N/10513.52Wj316/030/A=008680BAKSTAAJ-J 14.62V"
"2.3","2026-09-02T15:29:45-06:00","38.7815","-105.208","N0JCG-8>APN000,WIDE1-1,WIDE2-1:=3846.89N/10512.48Wj008/029/A=009169BAKSTAAJ-J 14.62V"
"2.6","2026-09-02T15:04:53-06:00","38.7775","-105.203","N0JCG-8>APN000,WIDE1-1,WIDE2-1:=3846.65N/10512.18Wj196/030/A=008920BAKSTAAJ-J 14.60V"
"2.6","2026-09-03T18:30:39-06:00","38.80583","-105.22983","N0JCG-8>APN000,WIDE1-1,WIDE2-1:=3848.35N/10513.79Wj313/034/A=008569BAKSTAAJ-J 14.62V"
"2.8","2026-09-03T21:12:21-06:00","38.80633","-105.2315","N0JCG-8>APN000,WIDE1-1,WIDE2-1:=3848.38N/10513.89Wj129/027/A=008516N0JCG 444.440 MHz 14.45V"
"2.9","2026-09-02T15:28:45-06:00","38.775","-105.20317","N0JCG-8>APN000,WIDE1-1,WIDE2-1:=3846.50N/10512.19Wj342/041/A=008972BAKSTAAJ-J 14.61V"
"3.1","2026-09-02T15:05:23-06:00","38.77283","-105.20267","N0JCG-8>APN000,WIDE1-1,WIDE2-1:=3846.37N/10512.16Wj178/032/A=009025BAKSTAAJ-J 14.59V"
"3.2","2026-09-03T21:11:51-06:00","38.8095","-105.23583","N0JCG-8>APN000,WIDE1-1,WIDE2-1:=3848.57N/10514.15Wj138/035/A=008395N0JCG 444.440 MHz 14.42V"
"3.4","2026-09-02T15:28:15-06:00","38.76983","-105.20133","N0JCG-8>APN000,WIDE1-1,WIDE2-1:=3846.19N/10512.08Wj343/039/A=009100BAKSTAAJ-J 14.65V"
"4.2","2026-09-02T15:06:22-06:00","38.763","-105.20483","N0JCG-8>APN000,WIDE1-1,WIDE2-1:=3845.78N/10512.29Wj205/042/A=009284BAKSTAAJ-J 14.60V"
"4.2","2026-09-03T18:32:09-06:00","38.81283","-105.2455","N0JCG-8>APN000,WIDE1-1,WIDE2-1:=3848.77N/10514.73Wj280/031/A=008293BAKSTAAJ-J 14.61V"
"4.2","2026-09-03T21:10:51-06:00","38.81317","-105.24633","N0JCG-8>APN000,WIDE1-1,WIDE2-1:=3848.79N/10514.78Wj112/037/A=008267N0JCG 444.440 MHz 14.43V"
"4.6","2026-09-02T15:06:53-06:00","38.7595","-105.207","N0JCG-8>APN000,WIDE1-1,WIDE2-1:=3845.57N/10512.42Wj087/028/A=009402BAKSTAAJ-J 14.60V"
"4.6","2026-09-02T15:26:45-06:00","38.75967","-105.20317","N0JCG-8>APN000,WIDE1-1,WIDE2-1:=3845.58N/10512.19Wj309/028/A=009484BAKSTAAJ-J 14.64V"
"5.2","2026-09-02T15:07:52-06:00","38.75383","-105.196","N0JCG-8>APN000,WIDE1-1,WIDE2-1:=3845.23N/10511.76Wj134/037/A=009550BAKSTAAJ-J 14.58V"
"5.3","2026-09-03T18:33:09-06:00","38.8155","-105.2585","N0JCG-8>APN000,WIDE1-1,WIDE2-1:=3848.93N/10515.51Wj309/033/A=008116BAKSTAAJ-J 14.61V"
"5.3","2026-09-03T21:09:51-06:00","38.8155","-105.2585","N0JCG-8>APN000,WIDE1-1,WIDE2-1:=3848.93N/10515.51Wj138/035/A=008100N0JCG 444.440 MHz 14.41V"
"5.6","2026-09-02T15:14:02-06:00","38.751","-105.19233","N0JCG-8>APN000,WIDE1-1,WIDE2-1:=3845.06N/10511.54Wj310/015/A=009625BAKSTAAJ-J 14.54V"
"5.6","2026-09-02T15:25:15-06:00","38.75083","-105.1935","N0JCG-8>APN000,WIDE1-1,WIDE2-1:=3845.05N/10511.61Wj312/009/A=009655BAKSTAAJ-J 14.42V"
"5.9","2026-09-03T18:34:09-06:00","38.82533","-105.25983","N0JCG-8>APN000,WIDE1-1,WIDE2-1:=3849.52N/10515.59Wj334/040/A=008172BAKSTAAJ-J 14.58V"
"6","2026-09-03T21:08:51-06:00","38.82667","-105.26067","N0JCG-8>APN000,WIDE1-1,WIDE2-1:=3849.60N/10515.64Wj153/043/A=008202N0JCG 444.440 MHz 14.42V"
"6.4","2026-09-03T18:34:39-06:00","38.83033","-105.26317","N0JCG-8>APN000,WIDE1-1,WIDE2-1:=3849.82N/10515.79Wj324/041/A=008224BAKSTAAJ-J 14.60V"
"6.6","2026-09-03T21:08:21-06:00","38.83167","-105.2645","N0JCG-8>APN000,WIDE1-1,WIDE2-1:=3849.90N/10515.87Wj143/042/A=008231N0JCG 444.440 MHz 14.39V"
"6.9","2026-09-03T18:35:09-06:00","38.83483","-105.26733","N0JCG-8>APN000,WIDE1-1,WIDE2-1:=3850.09N/10516.04Wj328/039/A=008251BAKSTAAJ-J 14.60V"
"7.2","2026-09-03T21:07:51-06:00","38.8365","-105.26883","N0JCG-8>APN000,WIDE1-1,WIDE2-1:=3850.19N/10516.13Wj137/041/A=008274N0JCG 444.440 MHz 14.40V"
"7.5","2026-09-03T18:35:39-06:00","38.839","-105.272","N0JCG-8>APN000,WIDE1-1,WIDE2-1:=3850.34N/10516.32Wj315/040/A=008306BAKSTAAJ-J 14.61V"
"7.7","2026-09-03T21:07:21-06:00","38.84117","-105.27283","N0JCG-8>APN000,WIDE1-1,WIDE2-1:=3850.47N/10516.37Wj183/044/A=008316N0JCG 444.440 MHz 14.42V"
"9.1","2026-09-03T21:05:51-06:00","38.8605","-105.27117","N0JCG-8>APN000,WIDE1-1,WIDE2-1:=3851.63N/10516.27Wj183/045/A=008484N0JCG 444.440 MHz 14.43V"
"9.6","2026-09-03T18:38:09-06:00","38.86683","-105.27067","N0JCG-8>APN000,WIDE1-1,WIDE2-1:=3852.01N/10516.24Wj002/038/A=008484BAKSTAAJ-J 14.62V"
